Sr No,Employee Code,Employee Name,Department,Date,Day,Attendance Status,Time In,Time Out,Reason
1,h00143,"Amit Singh","IT Payment Services",01-08-2025,Friday,Absent,,,"No information"
2,h00143,"Amit Singh","IT Payment Services",04-08-2025,Monday,NCRW,,,"Non-Compliance with Roster Work"
3,h00143,"Amit Singh","IT Payment Services",05-08-2025,Tuesday,Leave,,,"Sick leave - stomach upset"
4,h00143,"Amit Singh","IT Payment Services",06-08-2025,Wednesday,Present,09:19:18,16:49:17,"UPDATE4B"
5,h00143,"Amit Singh","IT Payment Services",07-08-2025,Thursday,Present,11:41:25,17:50:08,"UPDATE4B"
6,h00143,"Amit Singh","IT Payment Services",11-08-2025,Monday,Present,11:39:43,17:45:11,"UPDATE4B"
7,h00143,"Amit Singh","IT Payment Services",12-08-2025,Tuesday,Absent,,,"No information"
8,h00143,"Amit Singh","IT Payment Services",13-08-2025,Wednesday,Present,11:05:31,18:45:29,"UPDATE4B"
9,h00143,"Amit Singh","IT Payment Services",25-08-2025,Monday,Present,09:33:19,17:56:14,"UPDATE4B"
10,h00189,"Anjali Gupta","IT Payment Services",04-08-2025,Monday,NCRW,,,"Non-Compliance with Roster Work"
11,h00189,"Anjali Gupta","IT Payment Services",05-08-2025,Tuesday,Present,10:00:36,16:17:40,"UPDATE4B"
12,h00189,"Anjali Gupta","IT Payment Services",06-08-2025,Wednesday,Absent,,,"No information"
13,h00189,"Anjali Gupta","IT Payment Services",11-08-2025,Monday,Absent,,,"No information"
14,h00189,"Anjali Gupta","IT Payment Services",12-08-2025,Tuesday,Present,10:00:51,16:54:16,"UPDATE4B"
15,h00189,"Anjali Gupta","IT Payment Services",13-08-2025,Wednesday,Present,11:25:24,18:30:00,"UPDATE4B"
16,h00189,"Anjali Gupta","IT Payment Services",14-08-2025,Thursday,NCRW,,,"Non-Compliance with Roster Work"
17,h00189,"Anjali Gupta","IT Payment Services",15-08-2025,Friday,Present,10:30:43,18:31:16,"UPDATE4B"
18,h00189,"Anjali Gupta","IT Payment Services",18-08-2025,Monday,NCRW,,,"Non-Compliance with Roster Work"
19,h00189,"Anjali Gupta","IT Payment Services",22-08-2025,Friday,Leave,,,"Medical appointment"
20,h00189,"Anjali Gupta","IT Payment Services",26-08-2025,Tuesday,Present,09:34:20,16:13:51,"UPDATE4B"
21,h00278,"Arjun Pillai","IT Payment Services",01-08-2025,Friday,Present,11:14:49,17:53:35,"UPDATE4B"
22,h00278,"Arjun Pillai","IT Payment Services",04-08-2025,Monday,Present,11:48:24,17:17:53,"UPDATE4B"
23,h00278,"Arjun Pillai","IT Payment Services",05-08-2025,Tuesday,Present,10:42:08,16:02:06,"UPDATE4B"
24,h00278,"Arjun Pillai","IT Payment Services",06-08-2025,Wednesday,Present,10:52:55,17:56:19,"UPDATE4B"
25,h00278,"Arjun Pillai","IT Payment Services",12-08-2025,Tuesday,NCRW,,,"Non-Compliance with Roster Work"
26,h00278,"Arjun Pillai","IT Payment Services",14-08-2025,Thursday,Present,09:59:25,15:17:36,"UPDATE4B"
27,h00278,"Arjun Pillai","IT Payment Services",18-08-2025,Monday,Present,10:10:09,17:44:02,"UPDATE4B"
28,h00278,"Arjun Pillai","IT Payment Services",20-08-2025,Wednesday,Leave,,,"Sick leave - fever and cold"
29,h00278,"Arjun Pillai","IT Payment Services",21-08-2025,Thursday,Leave,,,"Personal work"
30,h00278,"Arjun Pillai","IT Payment Services",22-08-2025,Friday,Present,10:05:31,18:42:29,"UPDATE4B"
31,h00234,"Deepa Menon","IT Payment Services",01-08-2025,Friday,Present,10:22:00,16:43:50,"UPDATE4B"
32,h00234,"Deepa Menon","IT Payment Services",05-08-2025,Tuesday,Present,10:20:39,15:20:03,"UPDATE4B"
33,h00234,"Deepa Menon","IT Payment Services",06-08-2025,Wednesday,Leave,,,"Personal work"
34,h00234,"Deepa Menon","IT Payment Services",11-08-2025,Monday,Present,11:10:25,16:00:30,"UPDATE4B"
35,h00234,"Deepa Menon","IT Payment Services",12-08-2025,Tuesday,NCRW,,,"Non-Compliance with Roster Work"
36,h00234,"Deepa Menon","IT Payment Services",15-08-2025,Friday,Present,10:28:14,15:45:03,"UPDATE4B"
37,h00234,"Deepa Menon","IT Payment Services",21-08-2025,Thursday,Present,09:14:11,16:52:36,"UPDATE4B"
38,h00234,"Deepa Menon","IT Payment Services",25-08-2025,Monday,NCRW,,,"Non-Compliance with Roster Work"
39,h00234,"Deepa Menon","IT Payment Services",26-08-2025,Tuesday,Present,11:51:15,17:37:14,"UPDATE4B"
40,h00201,"Karthik Reddy","IT Payment Services",04-08-2025,Monday,Present,10:16:36,15:14:52,"UPDATE4B"
41,h00201,"Karthik Reddy","IT Payment Services",06-08-2025,Wednesday,Present,10:28:51,16:39:29,"UPDATE4B"
42,h00201,"Karthik Reddy","IT Payment Services",07-08-2025,Thursday,Leave,,,"Sick leave - fever and cold"
43,h00201,"Karthik Reddy","IT Payment Services",08-08-2025,Friday,Present,11:58:36,17:59:07,"UPDATE4B"
44,h00201,"Karthik Reddy","IT Payment Services",12-08-2025,Tuesday,Present,09:53:31,17:25:36,"UPDATE4B"
45,h00201,"Karthik Reddy","IT Payment Services",13-08-2025,Wednesday,Present,11:29:39,17:42:22,"UPDATE4B"
46,h00201,"Karthik Reddy","IT Payment Services",15-08-2025,Friday,Present,11:36:58,16:52:00,"UPDATE4B"
47,h00201,"Karthik Reddy","IT Payment Services",19-08-2025,Tuesday,Present,11:53:37,15:14:39,"UPDATE4B"
48,h00201,"Karthik Reddy","IT Payment Services",20-08-2025,Wednesday,Present,10:11:06,16:51:51,"UPDATE4B"
49,h00201,"Karthik Reddy","IT Payment Services",21-08-2025,Thursday,Present,11:59:56,15:43:02,"UPDATE4B"
50,h00201,"Karthik Reddy","IT Payment Services",26-08-2025,Tuesday,Present,09:11:11,16:58:36,"UPDATE4B"
51,h00312,"Kavita Sinha","IT Payment Services",01-08-2025,Friday,NCRW,,,"Non-Compliance with Roster Work"
52,h00312,"Kavita Sinha","IT Payment Services",05-08-2025,Tuesday,Present,09:38:16,18:51:13,"UPDATE4B"
53,h00312,"Kavita Sinha","IT Payment Services",07-08-2025,Thursday,Absent,,,"No information"
54,h00312,"Kavita Sinha","IT Payment Services",13-08-2025,Wednesday,Present,10:52:35,18:16:10,"UPDATE4B"
55,h00312,"Kavita Sinha","IT Payment Services",15-08-2025,Friday,Absent,,,"No information"
56,h00312,"Kavita Sinha","IT Payment Services",18-08-2025,Monday,Present,10:21:36,18:52:10,"UPDATE4B"
57,h00312,"Kavita Sinha","IT Payment Services",19-08-2025,Tuesday,Present,09:35:04,16:42:52,"UPDATE4B"
58,h00312,"Kavita Sinha","IT Payment Services",20-08-2025,Wednesday,Present,11:52:48,15:13:57,"UPDATE4B"
59,h00312,"Kavita Sinha","IT Payment Services",22-08-2025,Friday,Present,09:21:32,17:17:19,"UPDATE4B"
60,h00312,"Kavita Sinha","IT Payment Services",26-08-2025,Tuesday,Present,09:14:08,15:31:23,"UPDATE4B"
61,h00312,"Kavita Sinha","IT Payment Services",27-08-2025,Wednesday,Present,09:30:07,16:40:38,"UPDATE4B"
62,h00289,"Lakshmi Rao","IT Payment Services",01-08-2025,Friday,Present,09:27:38,15:14:07,"UPDATE4B"
63,h00289,"Lakshmi Rao","IT Payment Services",04-08-2025,Monday,Leave,,,"Sick leave - stomach upset"
64,h00289,"Lakshmi Rao","IT Payment Services",13-08-2025,Wednesday,Present,11:22:35,15:23:41,"UPDATE4B"
65,h00289,"Lakshmi Rao","IT Payment Services",14-08-2025,Thursday,Present,10:47:03,17:06:16,"UPDATE4B"
66,h00289,"Lakshmi Rao","IT Payment Services",19-08-2025,Tuesday,Leave,,,"Sick leave - fever and body pain"
67,h00289,"Lakshmi Rao","IT Payment Services",25-08-2025,Monday,NCRW,,,"Non-Compliance with Roster Work"
68,h00289,"Lakshmi Rao","IT Payment Services",26-08-2025,Tuesday,NCRW,,,"Non-Compliance with Roster Work"
69,h00289,"Lakshmi Rao","IT Payment Services",27-08-2025,Wednesday,Leave,,,"Sick leave - fever and body pain"
70,h00289,"Lakshmi Rao","IT Payment Services",29-08-2025,Friday,NCRW,,,"Non-Compliance with Roster Work"
71,h00323,"Manish Agarwal","IT Payment Services",05-08-2025,Tuesday,Present,11:42:59,15:11:40,"UPDATE4B"
72,h00323,"Manish Agarwal","IT Payment Services",08-08-2025,Friday,Leave,,,"Sick leave - fever and body pain"
73,h00323,"Manish Agarwal","IT Payment Services",14-08-2025,Thursday,Leave,,,"Medical appointment"
74,h00323,"Manish Agarwal","IT Payment Services",15-08-2025,Friday,Leave,,,"Medical appointment"
75,h00323,"Manish Agarwal","IT Payment Services",18-08-2025,Monday,Present,09:24:40,18:54:22,"UPDATE4B"
76,h00323,"Manish Agarwal","IT Payment Services",19-08-2025,Tuesday,Present,11:49:49,15:40:12,"UPDATE4B"
77,h00323,"Manish Agarwal","IT Payment Services",21-08-2025,Thursday,Present,11:37:46,16:29:54,"UPDATE4B"
78,h00323,"Manish Agarwal","IT Payment Services",26-08-2025,Tuesday,Present,10:40:21,17:22:19,"UPDATE4B"
79,h00215,"Meera Iyer","IT Payment Services",07-08-2025,Thursday,Leave,,,"Family emergency"
80,h00215,"Meera Iyer","IT Payment Services",13-08-2025,Wednesday,Leave,,,"Sick leave - stomach upset"
81,h00215,"Meera Iyer","IT Payment Services",15-08-2025,Friday,Leave,,,"Sick leave - fever and body pain"
82,h00215,"Meera Iyer","IT Payment Services",18-08-2025,Monday,Present,11:14:28,17:20:22,"UPDATE4B"
83,h00215,"Meera Iyer","IT Payment Services",20-08-2025,Wednesday,Present,10:12:17,17:46:01,"UPDATE4B"
84,h00215,"Meera Iyer","IT Payment Services",21-08-2025,Thursday,Present,10:04:56,15:55:28,"UPDATE4B"
85,h00215,"Meera Iyer","IT Payment Services",27-08-2025,Wednesday,Present,10:59:01,17:52:45,"UPDATE4B"
86,h00215,"Meera Iyer","IT Payment Services",28-08-2025,Thursday,Present,10:16:11,18:17:40,"UPDATE4B"
87,h00301,"Nikhil Joshi","IT Payment Services",04-08-2025,Monday,NCRW,,,"Non-Compliance with Roster Work"
88,h00301,"Nikhil Joshi","IT Payment Services",06-08-2025,Wednesday,Present,09:13:19,15:37:51,"UPDATE4B"
89,h00301,"Nikhil Joshi","IT Payment Services",07-08-2025,Thursday,Leave,,,"Medical appointment"
90,h00301,"Nikhil Joshi","IT Payment Services",12-08-2025,Tuesday,Present,10:56:49,17:34:22,"UPDATE4B"
91,h00301,"Nikhil Joshi","IT Payment Services",19-08-2025,Tuesday,Present,10:31:57,17:23:24,"UPDATE4B"
92,h00301,"Nikhil Joshi","IT Payment Services",20-08-2025,Wednesday,Present,09:59:56,16:38:32,"UPDATE4B"
93,h00301,"Nikhil Joshi","IT Payment Services",21-08-2025,Thursday,Present,10:35:56,16:07:38,"UPDATE4B"
94,h00301,"Nikhil Joshi","IT Payment Services",22-08-2025,Friday,Present,09:49:19,16:51:34,"UPDATE4B"
95,h00301,"Nikhil Joshi","IT Payment Services",28-08-2025,Thursday,Present,09:15:13,18:25:02,"UPDATE4B"
96,h00267,"Pooja Desai","IT Payment Services",01-08-2025,Friday,Present,10:26:00,18:07:33,"UPDATE4B"
97,h00267,"Pooja Desai","IT Payment Services",07-08-2025,Thursday,Present,11:39:11,15:58:13,"UPDATE4B"
98,h00267,"Pooja Desai","IT Payment Services",08-08-2025,Friday,Leave,,,"Medical appointment"
99,h00267,"Pooja Desai","IT Payment Services",11-08-2025,Monday,Present,09:16:39,15:34:50,"UPDATE4B"
100,h00267,"Pooja Desai","IT Payment Services",12-08-2025,Tuesday,Present,11:34:25,16:38:47,"UPDATE4B"
101,h00267,"Pooja Desai","IT Payment Services",14-08-2025,Thursday,NCRW,,,"Non-Compliance with Roster Work"
102,h00267,"Pooja Desai","IT Payment Services",19-08-2025,Tuesday,Present,11:20:34,17:04:27,"UPDATE4B"
103,h00267,"Pooja Desai","IT Payment Services",20-08-2025,Wednesday,Present,11:30:00,17:03:58,"UPDATE4B"
104,h00267,"Pooja Desai","IT Payment Services",26-08-2025,Tuesday,Leave,,,"Sick leave - fever and cold"
105,h00267,"Pooja Desai","IT Payment Services",28-08-2025,Thursday,Leave,,,"Family emergency"
106,h00267,"Pooja Desai","IT Payment Services",29-08-2025,Friday,Present,09:30:18,17:54:28,"UPDATE4B"
107,h00105,"Priya Sharma","IT Payment Services",04-08-2025,Monday,NCRW,,,"Non-Compliance with Roster Work"
108,h00105,"Priya Sharma","IT Payment Services",08-08-2025,Friday,Present,09:09:31,16:54:32,"UPDATE4B"
109,h00105,"Priya Sharma","IT Payment Services",13-08-2025,Wednesday,Leave,,,"Sick leave - fever and cold"
110,h00105,"Priya Sharma","IT Payment Services",14-08-2025,Thursday,Absent,,,"No information"
111,h00105,"Priya Sharma","IT Payment Services",15-08-2025,Friday,Present,09:14:09,15:26:48,"UPDATE4B"
112,h00105,"Priya Sharma","IT Payment Services",21-08-2025,Thursday,Present,09:25:25,18:39:23,"UPDATE4B"
113,h00105,"Priya Sharma","IT Payment Services",26-08-2025,Tuesday,Present,09:24:42,16:43:03,"UPDATE4B"
114,h00105,"Priya Sharma","IT Payment Services",27-08-2025,Wednesday,Present,10:31:35,16:07:01,"UPDATE4B"
115,h00105,"Priya Sharma","IT Payment Services",28-08-2025,Thursday,Present,11:10:41,15:05:15,"UPDATE4B"
116,h00178,"Rahul Verma","IT Payment Services",01-08-2025,Friday,Present,10:48:40,16:27:51,"UPDATE4B"
117,h00178,"Rahul Verma","IT Payment Services",04-08-2025,Monday,Present,10:51:00,17:50:03,"UPDATE4B"
118,h00178,"Rahul Verma","IT Payment Services",06-08-2025,Wednesday,Present,10:04:43,17:33:12,"UPDATE4B"
119,h00178,"Rahul Verma","IT Payment Services",12-08-2025,Tuesday,Leave,,,"Sick leave - fever and body pain"
120,h00178,"Rahul Verma","IT Payment Services",13-08-2025,Wednesday,Absent,,,"No information"
121,h00178,"Rahul Verma","IT Payment Services",14-08-2025,Thursday,Leave,,,"Sick leave - fever and cold"
122,h00178,"Rahul Verma","IT Payment Services",15-08-2025,Friday,Present,10:37:10,18:26:25,"UPDATE4B"
123,h00178,"Rahul Verma","IT Payment Services",22-08-2025,Friday,Present,11:31:20,15:23:49,"UPDATE4B"
124,h00178,"Rahul Verma","IT Payment Services",27-08-2025,Wednesday,Present,11:03:39,17:50:13,"UPDATE4B"
125,h00178,"Rahul Verma","IT Payment Services",28-08-2025,Thursday,Present,10:10:25,16:01:18,"UPDATE4B"
126,h00178,"Rahul Verma","IT Payment Services",29-08-2025,Friday,NCRW,,,"Non-Compliance with Roster Work"
127,h00092,"Rajesh Kumar","IT Payment Services",05-08-2025,Tuesday,Present,10:06:31,18:40:29,"UPDATE4B"
128,h00092,"Rajesh Kumar","IT Payment Services",06-08-2025,Wednesday,Leave,,,"Sick leave - fever and cold"
129,h00092,"Rajesh Kumar","IT Payment Services",07-08-2025,Thursday,Present,11:47:40,15:35:59,"UPDATE4B"
130,h00092,"Rajesh Kumar","IT Payment Services",11-08-2025,Monday,Leave,,,"Sick leave - fever and body pain"
131,h00092,"Rajesh Kumar","IT Payment Services",12-08-2025,Tuesday,Leave,,,"Sick leave - fever and cold"
132,h00092,"Rajesh Kumar","IT Payment Services",13-08-2025,Wednesday,Absent,,,"No information"
133,h00092,"Rajesh Kumar","IT Payment Services",21-08-2025,Thursday,Present,10:02:01,18:25:09,"UPDATE4B"
134,h00092,"Rajesh Kumar","IT Payment Services",22-08-2025,Friday,Absent,,,"No information"
135,h00092,"Rajesh Kumar","IT Payment Services",25-08-2025,Monday,Present,11:15:57,16:46:12,"UPDATE4B"
136,h00092,"Rajesh Kumar","IT Payment Services",27-08-2025,Wednesday,NCRW,,,"Non-Compliance with Roster Work"
137,h00092,"Rajesh Kumar","IT Payment Services",29-08-2025,Friday,Present,09:12:51,17:23:50,"UPDATE4B"
138,h00334,"Ritu Malhotra","IT Payment Services",05-08-2025,Tuesday,Leave,,,"Sick leave - fever and cold"
139,h00334,"Ritu Malhotra","IT Payment Services",11-08-2025,Monday,Leave,,,"Sick leave - stomach upset"
140,h00334,"Ritu Malhotra","IT Payment Services",12-08-2025,Tuesday,NCRW,,,"Non-Compliance with Roster Work"
141,h00334,"Ritu Malhotra","IT Payment Services",18-08-2025,Monday,Present,09:01:19,17:01:54,"UPDATE4B"
142,h00334,"Ritu Malhotra","IT Payment Services",20-08-2025,Wednesday,Leave,,,"Family emergency"
143,h00334,"Ritu Malhotra","IT Payment Services",21-08-2025,Thursday,Present,10:55:19,17:28:59,"UPDATE4B"
144,h00334,"Ritu Malhotra","IT Payment Services",22-08-2025,Friday,Present,11:35:06,18:54:36,"UPDATE4B"
145,h00334,"Ritu Malhotra","IT Payment Services",26-08-2025,Tuesday,NCRW,,,"Non-Compliance with Roster Work"
146,h00345,"Sanjay Mehta","IT Payment Services",06-08-2025,Wednesday,Present,11:54:56,16:14:08,"UPDATE4B"
147,h00345,"Sanjay Mehta","IT Payment Services",07-08-2025,Thursday,Present,10:44:02,18:11:22,"UPDATE4B"
148,h00345,"Sanjay Mehta","IT Payment Services",11-08-2025,Monday,Present,09:11:59,15:15:20,"UPDATE4B"
149,h00345,"Sanjay Mehta","IT Payment Services",14-08-2025,Thursday,Present,11:25:34,18:09:12,"UPDATE4B"
150,h00345,"Sanjay Mehta","IT Payment Services",15-08-2025,Friday,Present,10:16:48,16:56:37,"UPDATE4B"
151,h00345,"Sanjay Mehta","IT Payment Services",21-08-2025,Thursday,NCRW,,,"Non-Compliance with Roster Work"
152,h00345,"Sanjay Mehta","IT Payment Services",26-08-2025,Tuesday,Present,09:24:23,15:03:41,"UPDATE4B"
153,h00345,"Sanjay Mehta","IT Payment Services",27-08-2025,Wednesday,Leave,,,"Sick leave - fever and cold"
154,h00345,"Sanjay Mehta","IT Payment Services",29-08-2025,Friday,Absent,,,"No information"
155,h00156,"Sneha Patel","IT Payment Services",04-08-2025,Monday,Leave,,,"Family emergency"
156,h00156,"Sneha Patel","IT Payment Services",05-08-2025,Tuesday,Present,11:27:02,17:59:49,"UPDATE4B"
157,h00156,"Sneha Patel","IT Payment Services",07-08-2025,Thursday,Leave,,,"Medical appointment"
158,h00156,"Sneha Patel","IT Payment Services",15-08-2025,Friday,NCRW,,,"Non-Compliance with Roster Work"
159,h00156,"Sneha Patel","IT Payment Services",19-08-2025,Tuesday,Present,11:48:19,17:37:54,"UPDATE4B"
160,h00156,"Sneha Patel","IT Payment Services",25-08-2025,Monday,NCRW,,,"Non-Compliance with Roster Work"
161,h00156,"Sneha Patel","IT Payment Services",26-08-2025,Tuesday,Present,09:36:45,16:03:38,"UPDATE4B"
162,h00156,"Sneha Patel","IT Payment Services",27-08-2025,Wednesday,Present,10:29:52,18:00:36,"UPDATE4B"
163,h00223,"Suresh Nair","IT Payment Services",04-08-2025,Monday,Present,11:50:24,18:50:29,"UPDATE4B"
164,h00223,"Suresh Nair","IT Payment Services",13-08-2025,Wednesday,Present,10:14:44,17:19:54,"UPDATE4B"
165,h00223,"Suresh Nair","IT Payment Services",15-08-2025,Friday,Leave,,,"Sick leave - fever and body pain"
166,h00223,"Suresh Nair","IT Payment Services",20-08-2025,Wednesday,Leave,,,"Sick leave - stomach upset"
167,h00223,"Suresh Nair","IT Payment Services",21-08-2025,Thursday,Present,10:40:48,15:35:44,"UPDATE4B"
168,h00223,"Suresh Nair","IT Payment Services",22-08-2025,Friday,Leave,,,"Sick leave - fever and cold"
169,h00223,"Suresh Nair","IT Payment Services",26-08-2025,Tuesday,Present,11:23:02,16:34:16,"UPDATE4B"
170,h00223,"Suresh Nair","IT Payment Services",27-08-2025,Wednesday,NCRW,,,"Non-Compliance with Roster Work"
171,h00223,"Suresh Nair","IT Payment Services",28-08-2025,Thursday,Present,09:15:29,18:08:21,"UPDATE4B"
172,h00245,"Vishal Kumar","IT Payment Services",01-08-2025,Friday,Leave,,,"Family emergency"
173,h00245,"Vishal Kumar","IT Payment Services",05-08-2025,Tuesday,Leave,,,"Sick leave - stomach upset"
174,h00245,"Vishal Kumar","IT Payment Services",07-08-2025,Thursday,Absent,,,"No information"
175,h00245,"Vishal Kumar","IT Payment Services",08-08-2025,Friday,Present,10:44:35,17:56:38,"UPDATE4B"
176,h00245,"Vishal Kumar","IT Payment Services",12-08-2025,Tuesday,Present,09:14:13,16:30:36,"UPDATE4B"
177,h00245,"Vishal Kumar","IT Payment Services",13-08-2025,Wednesday,Present,09:58:32,16:28:42,"UPDATE4B"
178,h00245,"Vishal Kumar","IT Payment Services",14-08-2025,Thursday,Absent,,,"No information"
179,h00245,"Vishal Kumar","IT Payment Services",15-08-2025,Friday,Absent,,,"No information"
180,h00245,"Vishal Kumar","IT Payment Services",18-08-2025,Monday,Present,11:36:26,16:01:14,"UPDATE4B"
181,h00245,"Vishal Kumar","IT Payment Services",19-08-2025,Tuesday,Present,09:29:34,18:42:19,"UPDATE4B"
182,h00245,"Vishal Kumar","IT Payment Services",21-08-2025,Thursday,Leave,,,"Family emergency"
183,h00245,"Vishal Kumar","IT Payment Services",29-08-2025,Friday,Present,11:16:08,18:06:38,"UPDATE4B"
184,h00078,"Vivek","IT Payment Services",01-08-2025,Friday,Absent,,,"No information"
185,h00078,"Vivek","IT Payment Services",07-08-2025,Thursday,Present,11:16:21,16:36:19,"UPDATE4B"
186,h00078,"Vivek","IT Payment Services",08-08-2025,Friday,Present,10:10:35,17:23:28,"UPDATE4B"
187,h00078,"Vivek","IT Payment Services",11-08-2025,Monday,Present,10:36:08,18:40:10,"UPDATE4B"
188,h00078,"Vivek","IT Payment Services",13-08-2025,Wednesday,Present,09:01:43,16:47:50,"UPDATE4B"
189,h00078,"Vivek","IT Payment Services",14-08-2025,Thursday,Leave,,,"Sick leave - fever and cold"
190,h00078,"Vivek","IT Payment Services",18-08-2025,Monday,Present,11:31:58,18:59:43,"UPDATE4B"
191,h00078,"Vivek","IT Payment Services",19-08-2025,Tuesday,Present,11:42:15,16:34:03,"UPDATE4B"
192,h00078,"Vivek","IT Payment Services",20-08-2025,Wednesday,Present,09:05:16,15:24:23,"UPDATE4B"
193,h00078,"Vivek","IT Payment Services",21-08-2025,Thursday,Present,11:27:41,17:58:30,"UPDATE4B"
194,h00078,"Vivek","IT Payment Services",25-08-2025,Monday,Absent,,,"No information"
195,h00143,"Amit Singh","IT Payment Services",10-09-2025,Wednesday,Present,09:20:21,16:41:39,"UPDATE4B"
196,h00143,"Amit Singh","IT Payment Services",12-09-2025,Friday,Present,10:49:28,17:34:39,"UPDATE4B"
197,h00143,"Amit Singh","IT Payment Services",15-09-2025,Monday,Leave,,,"Personal work"
198,h00143,"Amit Singh","IT Payment Services",16-09-2025,Tuesday,Leave,,,"Sick leave - fever and cold"
199,h00143,"Amit Singh","IT Payment Services",17-09-2025,Wednesday,Present,09:31:56,17:21:01,"UPDATE4B"
200,h00143,"Amit Singh","IT Payment Services",18-09-2025,Thursday,Present,10:35:21,16:59:44,"UPDATE4B"
201,h00143,"Amit Singh","IT Payment Services",19-09-2025,Friday,Present,09:38:05,15:42:17,"UPDATE4B"
202,h00143,"Amit Singh","IT Payment Services",22-09-2025,Monday,Present,11:51:53,15:36:20,"UPDATE4B"
203,h00143,"Amit Singh","IT Payment Services",24-09-2025,Wednesday,Present,09:02:13,15:34:33,"UPDATE4B"
204,h00143,"Amit Singh","IT Payment Services",30-09-2025,Tuesday,Present,09:15:01,16:05:27,"UPDATE4B"
205,h00189,"Anjali Gupta","IT Payment Services",02-09-2025,Tuesday,Present,11:10:20,16:54:36,"UPDATE4B"
206,h00189,"Anjali Gupta","IT Payment Services",03-09-2025,Wednesday,NCRW,,,"Non-Compliance with Roster Work"
207,h00189,"Anjali Gupta","IT Payment Services",04-09-2025,Thursday,Present,10:26:32,16:11:25,"UPDATE4B"
208,h00189,"Anjali Gupta","IT Payment Services",09-09-2025,Tuesday,Absent,,,"No information"
209,h00189,"Anjali Gupta","IT Payment Services",10-09-2025,Wednesday,Present,11:27:41,16:26:14,"UPDATE4B"
210,h00189,"Anjali Gupta","IT Payment Services",15-09-2025,Monday,Leave,,,"Medical appointment"
211,h00189,"Anjali Gupta","IT Payment Services",16-09-2025,Tuesday,Absent,,,"No information"
212,h00189,"Anjali Gupta","IT Payment Services",22-09-2025,Monday,NCRW,,,"Non-Compliance with Roster Work"
213,h00189,"Anjali Gupta","IT Payment Services",23-09-2025,Tuesday,Absent,,,"No information"
214,h00189,"Anjali Gupta","IT Payment Services",25-09-2025,Thursday,Present,11:11:05,15:59:27,"UPDATE4B"
215,h00189,"Anjali Gupta","IT Payment Services",26-09-2025,Friday,Present,11:33:34,15:36:47,"UPDATE4B"
216,h00189,"Anjali Gupta","IT Payment Services",29-09-2025,Monday,Present,10:28:35,18:38:52,"UPDATE4B"
217,h00278,"Arjun Pillai","IT Payment Services",02-09-2025,Tuesday,NCRW,,,"Non-Compliance with Roster Work"
218,h00278,"Arjun Pillai","IT Payment Services",04-09-2025,Thursday,Present,11:11:30,16:00:32,"UPDATE4B"
219,h00278,"Arjun Pillai","IT Payment Services",05-09-2025,Friday,Absent,,,"No information"
220,h00278,"Arjun Pillai","IT Payment Services",09-09-2025,Tuesday,Present,11:53:27,15:55:50,"UPDATE4B"
221,h00278,"Arjun Pillai","IT Payment Services",18-09-2025,Thursday,Present,09:11:58,18:11:08,"UPDATE4B"
222,h00278,"Arjun Pillai","IT Payment Services",23-09-2025,Tuesday,Present,09:58:06,18:47:18,"UPDATE4B"
223,h00278,"Arjun Pillai","IT Payment Services",24-09-2025,Wednesday,Present,09:03:51,16:51:42,"UPDATE4B"
224,h00278,"Arjun Pillai","IT Payment Services",26-09-2025,Friday,Present,11:33:53,16:16:10,"UPDATE4B"
225,h00278,"Arjun Pillai","IT Payment Services",29-09-2025,Monday,Absent,,,"No information"
226,h00278,"Arjun Pillai","IT Payment Services",30-09-2025,Tuesday,Present,11:35:03,15:25:25,"UPDATE4B"
227,h00234,"Deepa Menon","IT Payment Services",01-09-2025,Monday,Present,11:52:40,16:33:55,"UPDATE4B"
228,h00234,"Deepa Menon","IT Payment Services",02-09-2025,Tuesday,Leave,,,"Sick leave - fever and cold"
229,h00234,"Deepa Menon","IT Payment Services",03-09-2025,Wednesday,Leave,,,"Sick leave - fever and cold"
230,h00234,"Deepa Menon","IT Payment Services",15-09-2025,Monday,Present,09:26:51,15:04:58,"UPDATE4B"
231,h00234,"Deepa Menon","IT Payment Services",17-09-2025,Wednesday,Present,11:40:17,17:11:19,"UPDATE4B"
232,h00234,"Deepa Menon","IT Payment Services",19-09-2025,Friday,Present,10:01:21,16:09:06,"UPDATE4B"
233,h00234,"Deepa Menon","IT Payment Services",22-09-2025,Monday,NCRW,,,"Non-Compliance with Roster Work"
234,h00234,"Deepa Menon","IT Payment Services",24-09-2025,Wednesday,Present,11:02:16,18:40:26,"UPDATE4B"
235,h00234,"Deepa Menon","IT Payment Services",25-09-2025,Thursday,Present,09:13:04,15:32:33,"UPDATE4B"
236,h00234,"Deepa Menon","IT Payment Services",26-09-2025,Friday,Present,10:46:34,15:09:29,"UPDATE4B"
237,h00234,"Deepa Menon","IT Payment Services",29-09-2025,Monday,Present,10:18:17,18:55:03,"UPDATE4B"
238,h00234,"Deepa Menon","IT Payment Services",30-09-2025,Tuesday,Present,10:35:58,15:06:38,"UPDATE4B"
239,h00201,"Karthik Reddy","IT Payment Services",04-09-2025,Thursday,Present,11:28:02,15:59:05,"UPDATE4B"
240,h00201,"Karthik Reddy","IT Payment Services",05-09-2025,Friday,Leave,,,"Personal work"
241,h00201,"Karthik Reddy","IT Payment Services",08-09-2025,Monday,Present,10:40:35,18:31:51,"UPDATE4B"
242,h00201,"Karthik Reddy","IT Payment Services",11-09-2025,Thursday,Absent,,,"No information"
243,h00201,"Karthik Reddy","IT Payment Services",12-09-2025,Friday,Leave,,,"Sick leave - stomach upset"
244,h00201,"Karthik Reddy","IT Payment Services",17-09-2025,Wednesday,Present,09:59:58,15:01:26,"UPDATE4B"
245,h00201,"Karthik Reddy","IT Payment Services",18-09-2025,Thursday,Present,11:25:58,16:38:34,"UPDATE4B"
246,h00201,"Karthik Reddy","IT Payment Services",19-09-2025,Friday,Absent,,,"No information"
247,h00201,"Karthik Reddy","IT Payment Services",23-09-2025,Tuesday,Present,09:45:12,15:44:11,"UPDATE4B"
248,h00201,"Karthik Reddy","IT Payment Services",24-09-2025,Wednesday,Present,10:35:10,18:27:50,"UPDATE4B"
249,h00312,"Kavita Sinha","IT Payment Services",08-09-2025,Monday,Present,09:03:24,18:06:08,"UPDATE4B"
250,h00312,"Kavita Sinha","IT Payment Services",09-09-2025,Tuesday,Present,10:15:28,17:06:06,"UPDATE4B"
251,h00312,"Kavita Sinha","IT Payment Services",11-09-2025,Thursday,Leave,,,"Family emergency"
252,h00312,"Kavita Sinha","IT Payment Services",12-09-2025,Friday,Leave,,,"Family emergency"
253,h00312,"Kavita Sinha","IT Payment Services",17-09-2025,Wednesday,Leave,,,"Family emergency"
254,h00312,"Kavita Sinha","IT Payment Services",23-09-2025,Tuesday,Present,10:44:53,17:05:41,"UPDATE4B"
255,h00312,"Kavita Sinha","IT Payment Services",26-09-2025,Friday,Present,11:47:02,17:36:09,"UPDATE4B"
256,h00312,"Kavita Sinha","IT Payment Services",29-09-2025,Monday,NCRW,,,"Non-Compliance with Roster Work"
257,h00289,"Lakshmi Rao","IT Payment Services",01-09-2025,Monday,NCRW,,,"Non-Compliance with Roster Work"
258,h00289,"Lakshmi Rao","IT Payment Services",02-09-2025,Tuesday,Leave,,,"Personal work"
259,h00289,"Lakshmi Rao","IT Payment Services",03-09-2025,Wednesday,Absent,,,"No information"
260,h00289,"Lakshmi Rao","IT Payment Services",04-09-2025,Thursday,Present,11:51:24,16:05:23,"UPDATE4B"
261,h00289,"Lakshmi Rao","IT Payment Services",09-09-2025,Tuesday,Present,09:00:58,16:41:15,"UPDATE4B"
262,h00289,"Lakshmi Rao","IT Payment Services",10-09-2025,Wednesday,Present,09:47:44,16:33:11,"UPDATE4B"
263,h00289,"Lakshmi Rao","IT Payment Services",15-09-2025,Monday,Absent,,,"No information"
264,h00289,"Lakshmi Rao","IT Payment Services",17-09-2025,Wednesday,Present,10:24:22,16:27:39,"UPDATE4B"
265,h00289,"Lakshmi Rao","IT Payment Services",22-09-2025,Monday,Present,09:32:32,17:18:29,"UPDATE4B"
266,h00289,"Lakshmi Rao","IT Payment Services",23-09-2025,Tuesday,Present,10:24:10,17:16:23,"UPDATE4B"
267,h00289,"Lakshmi Rao","IT Payment Services",30-09-2025,Tuesday,Present,10:37:43,18:47:29,"UPDATE4B"
268,h00323,"Manish Agarwal","IT Payment Services",01-09-2025,Monday,Present,10:42:20,18:15:54,"UPDATE4B"
269,h00323,"Manish Agarwal","IT Payment Services",03-09-2025,Wednesday,Present,10:44:39,18:33:34,"UPDATE4B"
270,h00323,"Manish Agarwal","IT Payment Services",09-09-2025,Tuesday,Absent,,,"No information"
271,h00323,"Manish Agarwal","IT Payment Services",12-09-2025,Friday,Leave,,,"Personal work"
272,h00323,"Manish Agarwal","IT Payment Services",15-09-2025,Monday,Absent,,,"No information"
273,h00323,"Manish Agarwal","IT Payment Services",19-09-2025,Friday,Present,09:00:59,17:17:58,"UPDATE4B"
274,h00323,"Manish Agarwal","IT Payment Services",23-09-2025,Tuesday,Present,10:23:38,15:43:43,"UPDATE4B"
275,h00323,"Manish Agarwal","IT Payment Services",25-09-2025,Thursday,Leave,,,"Personal work"
276,h00323,"Manish Agarwal","IT Payment Services",26-09-2025,Friday,Leave,,,"Personal work"
277,h00323,"Manish Agarwal","IT Payment Services",29-09-2025,Monday,Present,11:34:22,15:19:39,"UPDATE4B"
278,h00215,"Meera Iyer","IT Payment Services",01-09-2025,Monday,Present,09:16:08,18:28:10,"UPDATE4B"
279,h00215,"Meera Iyer","IT Payment Services",02-09-2025,Tuesday,Leave,,,"Sick leave - stomach upset"
280,h00215,"Meera Iyer","IT Payment Services",05-09-2025,Friday,Absent,,,"No information"
281,h00215,"Meera Iyer","IT Payment Services",09-09-2025,Tuesday,Present,09:56:06,16:21:14,"UPDATE4B"
282,h00215,"Meera Iyer","IT Payment Services",18-09-2025,Thursday,Present,09:33:43,15:59:40,"UPDATE4B"
283,h00215,"Meera Iyer","IT Payment Services",23-09-2025,Tuesday,Leave,,,"Family emergency"
284,h00215,"Meera Iyer","IT Payment Services",25-09-2025,Thursday,Present,11:38:08,17:33:29,"UPDATE4B"
285,h00215,"Meera Iyer","IT Payment Services",26-09-2025,Friday,Present,11:34:10,15:17:59,"UPDATE4B"
286,h00301,"Nikhil Joshi","IT Payment Services",05-09-2025,Friday,Present,11:45:21,18:32:00,"UPDATE4B"
287,h00301,"Nikhil Joshi","IT Payment Services",08-09-2025,Monday,Leave,,,"Sick leave - fever and cold"
288,h00301,"Nikhil Joshi","IT Payment Services",09-09-2025,Tuesday,Present,10:01:27,18:59:10,"UPDATE4B"
289,h00301,"Nikhil Joshi","IT Payment Services",10-09-2025,Wednesday,Present,11:06:03,18:16:31,"UPDATE4B"
290,h00301,"Nikhil Joshi","IT Payment Services",23-09-2025,Tuesday,Present,11:07:22,16:01:34,"UPDATE4B"
291,h00301,"Nikhil Joshi","IT Payment Services",24-09-2025,Wednesday,Leave,,,"Sick leave - fever and body pain"
292,h00301,"Nikhil Joshi","IT Payment Services",25-09-2025,Thursday,Present,10:34:04,15:38:02,"UPDATE4B"
293,h00301,"Nikhil Joshi","IT Payment Services",26-09-2025,Friday,Present,11:45:43,15:32:00,"UPDATE4B"
294,h00267,"Pooja Desai","IT Payment Services",02-09-2025,Tuesday,Present,09:30:19,16:38:41,"UPDATE4B"
295,h00267,"Pooja Desai","IT Payment Services",09-09-2025,Tuesday,Present,11:24:02,15:01:33,"UPDATE4B"
296,h00267,"Pooja Desai","IT Payment Services",10-09-2025,Wednesday,Present,09:42:25,16:41:58,"UPDATE4B"
297,h00267,"Pooja Desai","IT Payment Services",15-09-2025,Monday,Present,10:43:08,15:45:34,"UPDATE4B"
298,h00267,"Pooja Desai","IT Payment Services",19-09-2025,Friday,Present,10:59:19,15:52:42,"UPDATE4B"
299,h00267,"Pooja Desai","IT Payment Services",23-09-2025,Tuesday,Present,09:43:03,17:18:09,"UPDATE4B"
300,h00267,"Pooja Desai","IT Payment Services",24-09-2025,Wednesday,Present,09:11:34,16:15:06,"UPDATE4B"
301,h00267,"Pooja Desai","IT Payment Services",30-09-2025,Tuesday,Present,09:45:41,16:50:17,"UPDATE4B"
302,h00105,"Priya Sharma","IT Payment Services",02-09-2025,Tuesday,Present,11:24:25,15:49:54,"UPDATE4B"
303,h00105,"Priya Sharma","IT Payment Services",04-09-2025,Thursday,Present,09:18:49,17:09:34,"UPDATE4B"
304,h00105,"Priya Sharma","IT Payment Services",09-09-2025,Tuesday,Leave,,,"Medical appointment"
305,h00105,"Priya Sharma","IT Payment Services",10-09-2025,Wednesday,NCRW,,,"Non-Compliance with Roster Work"
306,h00105,"Priya Sharma","IT Payment Services",15-09-2025,Monday,Present,09:42:24,16:43:29,"UPDATE4B"
307,h00105,"Priya Sharma","IT Payment Services",16-09-2025,Tuesday,Present,11:35:14,17:32:54,"UPDATE4B"
308,h00105,"Priya Sharma","IT Payment Services",19-09-2025,Friday,Absent,,,"No information"
309,h00105,"Priya Sharma","IT Payment Services",22-09-2025,Monday,NCRW,,,"Non-Compliance with Roster Work"
310,h00105,"Priya Sharma","IT Payment Services",23-09-2025,Tuesday,NCRW,,,"Non-Compliance with Roster Work"
311,h00105,"Priya Sharma","IT Payment Services",24-09-2025,Wednesday,Present,09:39:42,17:32:53,"UPDATE4B"
312,h00105,"Priya Sharma","IT Payment Services",30-09-2025,Tuesday,NCRW,,,"Non-Compliance with Roster Work"
313,h00178,"Rahul Verma","IT Payment Services",01-09-2025,Monday,Present,11:39:53,16:43:16,"UPDATE4B"
314,h00178,"Rahul Verma","IT Payment Services",04-09-2025,Thursday,Present,09:36:38,15:50:30,"UPDATE4B"
315,h00178,"Rahul Verma","IT Payment Services",09-09-2025,Tuesday,Present,10:58:12,17:46:49,"UPDATE4B"
316,h00178,"Rahul Verma","IT Payment Services",11-09-2025,Thursday,Leave,,,"Sick leave - fever and cold"
317,h00178,"Rahul Verma","IT Payment Services",18-09-2025,Thursday,Present,10:05:27,17:00:59,"UPDATE4B"
318,h00178,"Rahul Verma","IT Payment Services",22-09-2025,Monday,NCRW,,,"Non-Compliance with Roster Work"
319,h00178,"Rahul Verma","IT Payment Services",25-09-2025,Thursday,Present,09:41:45,17:34:23,"UPDATE4B"
320,h00178,"Rahul Verma","IT Payment Services",26-09-2025,Friday,Present,11:10:01,17:50:07,"UPDATE4B"
321,h00092,"Rajesh Kumar","IT Payment Services",02-09-2025,Tuesday,Present,09:02:35,18:01:42,"UPDATE4B"
322,h00092,"Rajesh Kumar","IT Payment Services",03-09-2025,Wednesday,Present,09:34:02,16:02:59,"UPDATE4B"
323,h00092,"Rajesh Kumar","IT Payment Services",04-09-2025,Thursday,Present,09:42:31,15:54:08,"UPDATE4B"
324,h00092,"Rajesh Kumar","IT Payment Services",08-09-2025,Monday,Absent,,,"No information"
325,h00092,"Rajesh Kumar","IT Payment Services",10-09-2025,Wednesday,Present,11:27:43,17:38:46,"UPDATE4B"
326,h00092,"Rajesh Kumar","IT Payment Services",18-09-2025,Thursday,Present,09:36:01,18:58:11,"UPDATE4B"
327,h00092,"Rajesh Kumar","IT Payment Services",19-09-2025,Friday,Leave,,,"Family emergency"
328,h00092,"Rajesh Kumar","IT Payment Services",22-09-2025,Monday,Leave,,,"Sick leave - fever and body pain"
329,h00092,"Rajesh Kumar","IT Payment Services",23-09-2025,Tuesday,Present,09:19:54,15:58:28,"UPDATE4B"
330,h00092,"Rajesh Kumar","IT Payment Services",24-09-2025,Wednesday,Present,09:01:55,17:02:12,"UPDATE4B"
331,h00092,"Rajesh Kumar","IT Payment Services",25-09-2025,Thursday,Present,10:58:22,16:04:06,"UPDATE4B"
332,h00092,"Rajesh Kumar","IT Payment Services",30-09-2025,Tuesday,NCRW,,,"Non-Compliance with Roster Work"
333,h00334,"Ritu Malhotra","IT Payment Services",03-09-2025,Wednesday,Present,11:27:54,18:49:55,"UPDATE4B"
334,h00334,"Ritu Malhotra","IT Payment Services",04-09-2025,Thursday,Present,09:27:05,16:25:38,"UPDATE4B"
335,h00334,"Ritu Malhotra","IT Payment Services",08-09-2025,Monday,Present,11:55:56,17:21:51,"UPDATE4B"
336,h00334,"Ritu Malhotra","IT Payment Services",11-09-2025,Thursday,Present,10:17:46,17:25:35,"UPDATE4B"
337,h00334,"Ritu Malhotra","IT Payment Services",12-09-2025,Friday,Present,11:38:37,15:28:43,"UPDATE4B"
338,h00334,"Ritu Malhotra","IT Payment Services",16-09-2025,Tuesday,Present,09:34:12,18:49:55,"UPDATE4B"
339,h00334,"Ritu Malhotra","IT Payment Services",18-09-2025,Thursday,Present,10:31:30,17:58:54,"UPDATE4B"
340,h00334,"Ritu Malhotra","IT Payment Services",23-09-2025,Tuesday,Present,10:59:14,15:51:47,"UPDATE4B"
341,h00334,"Ritu Malhotra","IT Payment Services",26-09-2025,Friday,NCRW,,,"Non-Compliance with Roster Work"
342,h00334,"Ritu Malhotra","IT Payment Services",29-09-2025,Monday,Present,09:27:03,17:59:49,"UPDATE4B"
343,h00345,"Sanjay Mehta","IT Payment Services",01-09-2025,Monday,Present,10:55:12,16:57:03,"UPDATE4B"
344,h00345,"Sanjay Mehta","IT Payment Services",03-09-2025,Wednesday,Present,09:09:13,17:21:45,"UPDATE4B"
345,h00345,"Sanjay Mehta","IT Payment Services",05-09-2025,Friday,Present,11:05:04,18:58:47,"UPDATE4B"
346,h00345,"Sanjay Mehta","IT Payment Services",08-09-2025,Monday,NCRW,,,"Non-Compliance with Roster Work"
347,h00345,"Sanjay Mehta","IT Payment Services",11-09-2025,Thursday,Present,11:30:55,17:32:43,"UPDATE4B"
348,h00345,"Sanjay Mehta","IT Payment Services",12-09-2025,Friday,Absent,,,"No information"
349,h00345,"Sanjay Mehta","IT Payment Services",18-09-2025,Thursday,Absent,,,"No information"
350,h00345,"Sanjay Mehta","IT Payment Services",25-09-2025,Thursday,Present,11:12:02,17:31:18,"UPDATE4B"
351,h00345,"Sanjay Mehta","IT Payment Services",29-09-2025,Monday,Present,11:32:25,16:16:41,"UPDATE4B"
352,h00156,"Sneha Patel","IT Payment Services",02-09-2025,Tuesday,NCRW,,,"Non-Compliance with Roster Work"
353,h00156,"Sneha Patel","IT Payment Services",05-09-2025,Friday,Present,11:59:30,17:06:44,"UPDATE4B"
354,h00156,"Sneha Patel","IT Payment Services",12-09-2025,Friday,NCRW,,,"Non-Compliance with Roster Work"
355,h00156,"Sneha Patel","IT Payment Services",16-09-2025,Tuesday,Present,10:45:43,18:02:55,"UPDATE4B"
356,h00156,"Sneha Patel","IT Payment Services",17-09-2025,Wednesday,Present,09:33:11,15:00:02,"UPDATE4B"
357,h00156,"Sneha Patel","IT Payment Services",18-09-2025,Thursday,Present,11:32:32,15:42:02,"UPDATE4B"
358,h00156,"Sneha Patel","IT Payment Services",19-09-2025,Friday,Present,11:41:04,16:43:44,"UPDATE4B"
359,h00156,"Sneha Patel","IT Payment Services",24-09-2025,Wednesday,Leave,,,"Medical appointment"
360,h00223,"Suresh Nair","IT Payment Services",03-09-2025,Wednesday,Leave,,,"Medical appointment"
361,h00223,"Suresh Nair","IT Payment Services",04-09-2025,Thursday,NCRW,,,"Non-Compliance with Roster Work"
362,h00223,"Suresh Nair","IT Payment Services",05-09-2025,Friday,Leave,,,"Personal work"
363,h00223,"Suresh Nair","IT Payment Services",09-09-2025,Tuesday,Present,10:26:13,16:46:47,"UPDATE4B"
364,h00223,"Suresh Nair","IT Payment Services",15-09-2025,Monday,Absent,,,"No information"
365,h00223,"Suresh Nair","IT Payment Services",17-09-2025,Wednesday,Present,09:26:15,18:42:02,"UPDATE4B"
366,h00223,"Suresh Nair","IT Payment Services",19-09-2025,Friday,Present,09:59:03,16:41:50,"UPDATE4B"
367,h00223,"Suresh Nair","IT Payment Services",22-09-2025,Monday,Present,09:48:30,15:43:44,"UPDATE4B"
368,h00223,"Suresh Nair","IT Payment Services",25-09-2025,Thursday,Present,11:51:46,16:49:00,"UPDATE4B"
369,h00245,"Vishal Kumar","IT Payment Services",12-09-2025,Friday,Leave,,,"Sick leave - stomach upset"
370,h00245,"Vishal Kumar","IT Payment Services",16-09-2025,Tuesday,Absent,,,"No information"
371,h00245,"Vishal Kumar","IT Payment Services",17-09-2025,Wednesday,Present,11:08:40,17:06:22,"UPDATE4B"
372,h00245,"Vishal Kumar","IT Payment Services",18-09-2025,Thursday,Leave,,,"Medical appointment"
373,h00245,"Vishal Kumar","IT Payment Services",22-09-2025,Monday,Present,11:08:43,15:03:56,"UPDATE4B"
374,h00245,"Vishal Kumar","IT Payment Services",25-09-2025,Thursday,Present,11:01:02,17:34:24,"UPDATE4B"
375,h00245,"Vishal Kumar","IT Payment Services",29-09-2025,Monday,Present,11:32:13,15:12:49,"UPDATE4B"
376,h00245,"Vishal Kumar","IT Payment Services",30-09-2025,Tuesday,Present,09:27:41,16:36:05,"UPDATE4B"
377,h00078,"Vivek","IT Payment Services",01-09-2025,Monday,Present,10:09:40,17:31:50,"UPDATE4B"
378,h00078,"Vivek","IT Payment Services",03-09-2025,Wednesday,Absent,,,"No information"
379,h00078,"Vivek","IT Payment Services",05-09-2025,Friday,Absent,,,"No information"
380,h00078,"Vivek","IT Payment Services",08-09-2025,Monday,Absent,,,"No information"
381,h00078,"Vivek","IT Payment Services",11-09-2025,Thursday,Leave,,,"Sick leave - fever and cold"
382,h00078,"Vivek","IT Payment Services",19-09-2025,Friday,Absent,,,"No information"
383,h00078,"Vivek","IT Payment Services",22-09-2025,Monday,Absent,,,"No information"
384,h00078,"Vivek","IT Payment Services",25-09-2025,Thursday,Present,11:38:33,15:55:57,"UPDATE4B"
385,h00143,"Amit Singh","IT Payment Services",01-10-2025,Wednesday,Present,10:55:11,15:50:47,"UPDATE4B"
386,h00143,"Amit Singh","IT Payment Services",03-10-2025,Friday,Present,11:00:32,15:46:01,"UPDATE4B"
387,h00143,"Amit Singh","IT Payment Services",08-10-2025,Wednesday,Absent,,,"No information"
388,h00143,"Amit Singh","IT Payment Services",13-10-2025,Monday,Present,11:11:17,15:19:52,"UPDATE4B"
389,h00143,"Amit Singh","IT Payment Services",14-10-2025,Tuesday,Absent,,,"No information"
390,h00143,"Amit Singh","IT Payment Services",15-10-2025,Wednesday,Present,11:31:00,16:55:56,"UPDATE4B"
391,h00143,"Amit Singh","IT Payment Services",16-10-2025,Thursday,Leave,,,"Sick leave - fever and cold"
392,h00143,"Amit Singh","IT Payment Services",28-10-2025,Tuesday,Present,09:29:13,16:08:42,"UPDATE4B"
393,h00189,"Anjali Gupta","IT Payment Services",01-10-2025,Wednesday,Present,09:00:41,15:44:12,"UPDATE4B"
394,h00189,"Anjali Gupta","IT Payment Services",03-10-2025,Friday,Absent,,,"No information"
395,h00189,"Anjali Gupta","IT Payment Services",06-10-2025,Monday,Present,09:49:47,18:34:12,"UPDATE4B"
396,h00189,"Anjali Gupta","IT Payment Services",07-10-2025,Tuesday,NCRW,,,"Non-Compliance with Roster Work"
397,h00189,"Anjali Gupta","IT Payment Services",08-10-2025,Wednesday,Present,11:45:50,18:54:37,"UPDATE4B"
398,h00189,"Anjali Gupta","IT Payment Services",10-10-2025,Friday,NCRW,,,"Non-Compliance with Roster Work"
399,h00189,"Anjali Gupta","IT Payment Services",14-10-2025,Tuesday,Leave,,,"Personal work"
400,h00189,"Anjali Gupta","IT Payment Services",17-10-2025,Friday,Present,11:58:33,16:57:37,"UPDATE4B"
401,h00189,"Anjali Gupta","IT Payment Services",23-10-2025,Thursday,Absent,,,"No information"
402,h00189,"Anjali Gupta","IT Payment Services",24-10-2025,Friday,Present,11:51:35,18:15:15,"UPDATE4B"
403,h00189,"Anjali Gupta","IT Payment Services",27-10-2025,Monday,Present,10:39:44,16:59:05,"UPDATE4B"
404,h00278,"Arjun Pillai","IT Payment Services",03-10-2025,Friday,Leave,,,"Personal work"
405,h00278,"Arjun Pillai","IT Payment Services",13-10-2025,Monday,Leave,,,"Medical appointment"
406,h00278,"Arjun Pillai","IT Payment Services",15-10-2025,Wednesday,Present,10:35:34,16:41:32,"UPDATE4B"
407,h00278,"Arjun Pillai","IT Payment Services",20-10-2025,Monday,Present,11:53:32,16:47:26,"UPDATE4B"
408,h00278,"Arjun Pillai","IT Payment Services",22-10-2025,Wednesday,Present,10:32:27,16:28:01,"UPDATE4B"
409,h00278,"Arjun Pillai","IT Payment Services",23-10-2025,Thursday,Present,09:51:15,16:20:20,"UPDATE4B"
410,h00278,"Arjun Pillai","IT Payment Services",24-10-2025,Friday,Present,09:37:28,16:31:26,"UPDATE4B"
411,h00278,"Arjun Pillai","IT Payment Services",28-10-2025,Tuesday,Present,10:54:51,18:22:45,"UPDATE4B"
412,h00278,"Arjun Pillai","IT Payment Services",29-10-2025,Wednesday,Present,09:08:03,15:48:43,"UPDATE4B"
413,h00234,"Deepa Menon","IT Payment Services",01-10-2025,Wednesday,Present,11:20:36,16:24:04,"UPDATE4B"
414,h00234,"Deepa Menon","IT Payment Services",03-10-2025,Friday,Absent,,,"No information"
415,h00234,"Deepa Menon","IT Payment Services",10-10-2025,Friday,Present,09:58:37,18:45:03,"UPDATE4B"
416,h00234,"Deepa Menon","IT Payment Services",15-10-2025,Wednesday,Present,10:53:11,18:09:48,"UPDATE4B"
417,h00234,"Deepa Menon","IT Payment Services",17-10-2025,Friday,Present,11:32:49,18:42:49,"UPDATE4B"
418,h00234,"Deepa Menon","IT Payment Services",20-10-2025,Monday,Present,09:34:02,15:15:53,"UPDATE4B"
419,h00234,"Deepa Menon","IT Payment Services",21-10-2025,Tuesday,NCRW,,,"Non-Compliance with Roster Work"
420,h00234,"Deepa Menon","IT Payment Services",30-10-2025,Thursday,Present,11:29:03,17:40:52,"UPDATE4B"
421,h00201,"Karthik Reddy","IT Payment Services",07-10-2025,Tuesday,Present,10:17:02,18:11:28,"UPDATE4B"
422,h00201,"Karthik Reddy","IT Payment Services",09-10-2025,Thursday,Present,09:41:08,17:48:26,"UPDATE4B"
423,h00201,"Karthik Reddy","IT Payment Services",10-10-2025,Friday,Present,10:03:53,15:41:59,"UPDATE4B"
424,h00201,"Karthik Reddy","IT Payment Services",13-10-2025,Monday,Present,09:52:36,15:54:46,"UPDATE4B"
425,h00201,"Karthik Reddy","IT Payment Services",14-10-2025,Tuesday,Present,11:10:06,15:02:13,"UPDATE4B"
426,h00201,"Karthik Reddy","IT Payment Services",16-10-2025,Thursday,Absent,,,"No information"
427,h00201,"Karthik Reddy","IT Payment Services",17-10-2025,Friday,Leave,,,"Personal work"
428,h00201,"Karthik Reddy","IT Payment Services",20-10-2025,Monday,NCRW,,,"Non-Compliance with Roster Work"
429,h00201,"Karthik Reddy","IT Payment Services",21-10-2025,Tuesday,NCRW,,,"Non-Compliance with Roster Work"
430,h00201,"Karthik Reddy","IT Payment Services",24-10-2025,Friday,Present,09:31:50,17:02:42,"UPDATE4B"
431,h00201,"Karthik Reddy","IT Payment Services",27-10-2025,Monday,Leave,,,"Sick leave - fever and body pain"
432,h00312,"Kavita Sinha","IT Payment Services",01-10-2025,Wednesday,Present,11:58:03,15:05:19,"UPDATE4B"
433,h00312,"Kavita Sinha","IT Payment Services",02-10-2025,Thursday,NCRW,,,"Non-Compliance with Roster Work"
434,h00312,"Kavita Sinha","IT Payment Services",03-10-2025,Friday,Leave,,,"Family emergency"
435,h00312,"Kavita Sinha","IT Payment Services",07-10-2025,Tuesday,Leave,,,"Family emergency"
436,h00312,"Kavita Sinha","IT Payment Services",09-10-2025,Thursday,Present,11:43:22,17:52:33,"UPDATE4B"
437,h00312,"Kavita Sinha","IT Payment Services",13-10-2025,Monday,Absent,,,"No information"
438,h00312,"Kavita Sinha","IT Payment Services",20-10-2025,Monday,Present,09:51:38,18:49:29,"UPDATE4B"
439,h00312,"Kavita Sinha","IT Payment Services",21-10-2025,Tuesday,Absent,,,"No information"
440,h00312,"Kavita Sinha","IT Payment Services",23-10-2025,Thursday,Present,09:22:00,16:59:19,"UPDATE4B"
441,h00312,"Kavita Sinha","IT Payment Services",24-10-2025,Friday,Present,09:56:22,17:58:02,"UPDATE4B"
442,h00312,"Kavita Sinha","IT Payment Services",30-10-2025,Thursday,Absent,,,"No information"
443,h00312,"Kavita Sinha","IT Payment Services",31-10-2025,Friday,Absent,,,"No information"
444,h00289,"Lakshmi Rao","IT Payment Services",06-10-2025,Monday,Present,10:32:33,17:18:04,"UPDATE4B"
445,h00289,"Lakshmi Rao","IT Payment Services",07-10-2025,Tuesday,Present,09:29:14,17:58:06,"UPDATE4B"
446,h00289,"Lakshmi Rao","IT Payment Services",08-10-2025,Wednesday,Present,11:56:33,17:44:54,"UPDATE4B"
447,h00289,"Lakshmi Rao","IT Payment Services",13-10-2025,Monday,Present,11:57:47,15:08:54,"UPDATE4B"
448,h00289,"Lakshmi Rao","IT Payment Services",14-10-2025,Tuesday,Present,10:37:34,16:51:53,"UPDATE4B"
449,h00289,"Lakshmi Rao","IT Payment Services",22-10-2025,Wednesday,Present,09:26:03,15:05:20,"UPDATE4B"
450,h00289,"Lakshmi Rao","IT Payment Services",24-10-2025,Friday,Present,11:14:25,15:38:15,"UPDATE4B"
451,h00289,"Lakshmi Rao","IT Payment Services",28-10-2025,Tuesday,Present,11:17:09,17:06:51,"UPDATE4B"
452,h00323,"Manish Agarwal","IT Payment Services",02-10-2025,Thursday,Present,10:13:48,16:55:24,"UPDATE4B"
453,h00323,"Manish Agarwal","IT Payment Services",03-10-2025,Friday,Present,11:56:04,17:17:50,"UPDATE4B"
454,h00323,"Manish Agarwal","IT Payment Services",06-10-2025,Monday,Present,11:41:51,17:28:28,"UPDATE4B"
455,h00323,"Manish Agarwal","IT Payment Services",07-10-2025,Tuesday,Present,10:38:03,17:36:49,"UPDATE4B"
456,h00323,"Manish Agarwal","IT Payment Services",08-10-2025,Wednesday,Present,10:38:47,16:19:42,"UPDATE4B"
457,h00323,"Manish Agarwal","IT Payment Services",10-10-2025,Friday,Present,10:59:23,15:39:41,"UPDATE4B"
458,h00323,"Manish Agarwal","IT Payment Services",13-10-2025,Monday,Leave,,,"Sick leave - fever and cold"
459,h00323,"Manish Agarwal","IT Payment Services",14-10-2025,Tuesday,Leave,,,"Family emergency"
460,h00323,"Manish Agarwal","IT Payment Services",20-10-2025,Monday,Present,11:50:30,15:57:37,"UPDATE4B"
461,h00323,"Manish Agarwal","IT Payment Services",24-10-2025,Friday,Absent,,,"No information"
462,h00323,"Manish Agarwal","IT Payment Services",29-10-2025,Wednesday,Present,10:59:20,15:48:06,"UPDATE4B"
463,h00215,"Meera Iyer","IT Payment Services",01-10-2025,Wednesday,Present,10:42:48,18:55:54,"UPDATE4B"
464,h00215,"Meera Iyer","IT Payment Services",03-10-2025,Friday,Leave,,,"Sick leave - stomach upset"
465,h00215,"Meera Iyer","IT Payment Services",06-10-2025,Monday,Present,09:46:08,17:44:23,"UPDATE4B"
466,h00215,"Meera Iyer","IT Payment Services",09-10-2025,Thursday,Present,10:50:56,16:16:04,"UPDATE4B"
467,h00215,"Meera Iyer","IT Payment Services",13-10-2025,Monday,Absent,,,"No information"
468,h00215,"Meera Iyer","IT Payment Services",15-10-2025,Wednesday,Present,09:33:04,15:22:23,"UPDATE4B"
469,h00215,"Meera Iyer","IT Payment Services",16-10-2025,Thursday,Present,11:22:23,17:11:42,"UPDATE4B"
470,h00215,"Meera Iyer","IT Payment Services",21-10-2025,Tuesday,Absent,,,"No information"
471,h00215,"Meera Iyer","IT Payment Services",23-10-2025,Thursday,Absent,,,"No information"
472,h00215,"Meera Iyer","IT Payment Services",30-10-2025,Thursday,Absent,,,"No information"
473,h00215,"Meera Iyer","IT Payment Services",31-10-2025,Friday,Leave,,,"Sick leave - stomach upset"
474,h00301,"Nikhil Joshi","IT Payment Services",01-10-2025,Wednesday,Present,11:26:25,16:38:41,"UPDATE4B"
475,h00301,"Nikhil Joshi","IT Payment Services",03-10-2025,Friday,NCRW,,,"Non-Compliance with Roster Work"
476,h00301,"Nikhil Joshi","IT Payment Services",07-10-2025,Tuesday,Present,11:04:06,15:00:38,"UPDATE4B"
477,h00301,"Nikhil Joshi","IT Payment Services",13-10-2025,Monday,Present,10:36:29,17:12:18,"UPDATE4B"
478,h00301,"Nikhil Joshi","IT Payment Services",15-10-2025,Wednesday,Present,09:05:43,17:51:22,"UPDATE4B"
479,h00301,"Nikhil Joshi","IT Payment Services",21-10-2025,Tuesday,Present,11:45:16,16:13:28,"UPDATE4B"
480,h00301,"Nikhil Joshi","IT Payment Services",22-10-2025,Wednesday,Present,09:53:27,16:08:21,"UPDATE4B"
481,h00301,"Nikhil Joshi","IT Payment Services",28-10-2025,Tuesday,Leave,,,"Personal work"
482,h00301,"Nikhil Joshi","IT Payment Services",29-10-2025,Wednesday,Present,09:30:30,16:26:19,"UPDATE4B"
483,h00267,"Pooja Desai","IT Payment Services",06-10-2025,Monday,Present,11:43:31,17:12:44,"UPDATE4B"
484,h00267,"Pooja Desai","IT Payment Services",07-10-2025,Tuesday,Present,10:35:01,18:51:10,"UPDATE4B"
485,h00267,"Pooja Desai","IT Payment Services",08-10-2025,Wednesday,Leave,,,"Family emergency"
486,h00267,"Pooja Desai","IT Payment Services",16-10-2025,Thursday,Present,09:42:51,15:44:23,"UPDATE4B"
487,h00267,"Pooja Desai","IT Payment Services",22-10-2025,Wednesday,Present,10:36:46,18:08:46,"UPDATE4B"
488,h00267,"Pooja Desai","IT Payment Services",24-10-2025,Friday,Leave,,,"Sick leave - stomach upset"
489,h00267,"Pooja Desai","IT Payment Services",27-10-2025,Monday,Leave,,,"Sick leave - stomach upset"
490,h00267,"Pooja Desai","IT Payment Services",30-10-2025,Thursday,Leave,,,"Personal work"
491,h00105,"Priya Sharma","IT Payment Services",01-10-2025,Wednesday,Absent,,,"No information"
492,h00105,"Priya Sharma","IT Payment Services",03-10-2025,Friday,Present,10:04:34,16:57:51,"UPDATE4B"
493,h00105,"Priya Sharma","IT Payment Services",13-10-2025,Monday,Present,11:18:23,18:40:08,"UPDATE4B"
494,h00105,"Priya Sharma","IT Payment Services",14-10-2025,Tuesday,Present,09:14:29,16:39:39,"UPDATE4B"
495,h00105,"Priya Sharma","IT Payment Services",15-10-2025,Wednesday,Present,11:18:51,15:12:26,"UPDATE4B"
496,h00105,"Priya Sharma","IT Payment Services",23-10-2025,Thursday,Present,11:23:30,17:45:33,"UPDATE4B"
497,h00105,"Priya Sharma","IT Payment Services",28-10-2025,Tuesday,Leave,,,"Medical appointment"
498,h00105,"Priya Sharma","IT Payment Services",30-10-2025,Thursday,Absent,,,"No information"
499,h00178,"Rahul Verma","IT Payment Services",01-10-2025,Wednesday,Present,11:00:33,18:08:50,"UPDATE4B"
500,h00178,"Rahul Verma","IT Payment Services",07-10-2025,Tuesday,Present,11:04:40,17:17:59,"UPDATE4B"
501,h00178,"Rahul Verma","IT Payment Services",08-10-2025,Wednesday,Present,11:35:56,17:19:10,"UPDATE4B"
502,h00178,"Rahul Verma","IT Payment Services",09-10-2025,Thursday,NCRW,,,"Non-Compliance with Roster Work"
503,h00178,"Rahul Verma","IT Payment Services",13-10-2025,Monday,Present,09:10:50,16:20:36,"UPDATE4B"
504,h00178,"Rahul Verma","IT Payment Services",14-10-2025,Tuesday,Present,11:33:25,15:09:17,"UPDATE4B"
505,h00178,"Rahul Verma","IT Payment Services",16-10-2025,Thursday,Present,10:16:08,17:16:36,"UPDATE4B"
506,h00178,"Rahul Verma","IT Payment Services",17-10-2025,Friday,Present,09:27:50,18:24:36,"UPDATE4B"
507,h00178,"Rahul Verma","IT Payment Services",23-10-2025,Thursday,Present,10:06:18,18:10:53,"UPDATE4B"
508,h00178,"Rahul Verma","IT Payment Services",29-10-2025,Wednesday,Present,09:18:19,15:36:08,"UPDATE4B"
509,h00178,"Rahul Verma","IT Payment Services",31-10-2025,Friday,Present,09:55:26,16:21:13,"UPDATE4B"
510,h00092,"Rajesh Kumar","IT Payment Services",02-10-2025,Thursday,Present,09:58:00,15:50:01,"UPDATE4B"
511,h00092,"Rajesh Kumar","IT Payment Services",06-10-2025,Monday,Present,09:39:21,17:29:06,"UPDATE4B"
512,h00092,"Rajesh Kumar","IT Payment Services",07-10-2025,Tuesday,Present,09:47:06,16:53:17,"UPDATE4B"
513,h00092,"Rajesh Kumar","IT Payment Services",08-10-2025,Wednesday,NCRW,,,"Non-Compliance with Roster Work"
514,h00092,"Rajesh Kumar","IT Payment Services",10-10-2025,Friday,Leave,,,"Personal work"
515,h00092,"Rajesh Kumar","IT Payment Services",13-10-2025,Monday,Present,10:31:29,16:04:40,"UPDATE4B"
516,h00092,"Rajesh Kumar","IT Payment Services",16-10-2025,Thursday,Present,09:34:31,17:06:45,"UPDATE4B"
517,h00092,"Rajesh Kumar","IT Payment Services",17-10-2025,Friday,Present,09:39:12,17:52:25,"UPDATE4B"
518,h00092,"Rajesh Kumar","IT Payment Services",22-10-2025,Wednesday,Present,10:27:42,15:20:01,"UPDATE4B"
519,h00092,"Rajesh Kumar","IT Payment Services",24-10-2025,Friday,Present,09:08:20,16:17:46,"UPDATE4B"
520,h00092,"Rajesh Kumar","IT Payment Services",27-10-2025,Monday,Present,11:33:30,17:21:36,"UPDATE4B"
521,h00092,"Rajesh Kumar","IT Payment Services",28-10-2025,Tuesday,Present,10:57:31,16:15:55,"UPDATE4B"
522,h00334,"Ritu Malhotra","IT Payment Services",01-10-2025,Wednesday,Present,11:10:53,17:49:32,"UPDATE4B"
523,h00334,"Ritu Malhotra","IT Payment Services",03-10-2025,Friday,Absent,,,"No information"
524,h00334,"Ritu Malhotra","IT Payment Services",07-10-2025,Tuesday,Leave,,,"Personal work"
525,h00334,"Ritu Malhotra","IT Payment Services",08-10-2025,Wednesday,Present,10:34:53,17:13:59,"UPDATE4B"
526,h00334,"Ritu Malhotra","IT Payment Services",09-10-2025,Thursday,Present,11:03:26,17:22:40,"UPDATE4B"
527,h00334,"Ritu Malhotra","IT Payment Services",15-10-2025,Wednesday,Present,10:02:33,18:10:06,"UPDATE4B"
528,h00334,"Ritu Malhotra","IT Payment Services",16-10-2025,Thursday,Present,10:24:43,17:33:28,"UPDATE4B"
529,h00334,"Ritu Malhotra","IT Payment Services",17-10-2025,Friday,Present,11:27:57,16:20:10,"UPDATE4B"
530,h00334,"Ritu Malhotra","IT Payment Services",20-10-2025,Monday,Present,10:35:54,17:35:45,"UPDATE4B"
531,h00334,"Ritu Malhotra","IT Payment Services",22-10-2025,Wednesday,Leave,,,"Medical appointment"
532,h00334,"Ritu Malhotra","IT Payment Services",24-10-2025,Friday,Present,11:29:49,16:11:57,"UPDATE4B"
533,h00334,"Ritu Malhotra","IT Payment Services",28-10-2025,Tuesday,Present,11:14:48,16:33:48,"UPDATE4B"
534,h00345,"Sanjay Mehta","IT Payment Services",06-10-2025,Monday,Present,10:37:39,18:19:21,"UPDATE4B"
535,h00345,"Sanjay Mehta","IT Payment Services",07-10-2025,Tuesday,Present,09:19:47,17:52:33,"UPDATE4B"
536,h00345,"Sanjay Mehta","IT Payment Services",08-10-2025,Wednesday,Present,09:32:22,16:10:24,"UPDATE4B"
537,h00345,"Sanjay Mehta","IT Payment Services",10-10-2025,Friday,Present,11:55:54,17:44:09,"UPDATE4B"
538,h00345,"Sanjay Mehta","IT Payment Services",13-10-2025,Monday,Leave,,,"Sick leave - fever and body pain"
539,h00345,"Sanjay Mehta","IT Payment Services",15-10-2025,Wednesday,Leave,,,"Family emergency"
540,h00345,"Sanjay Mehta","IT Payment Services",16-10-2025,Thursday,Present,09:41:49,16:11:05,"UPDATE4B"
541,h00345,"Sanjay Mehta","IT Payment Services",17-10-2025,Friday,NCRW,,,"Non-Compliance with Roster Work"
542,h00345,"Sanjay Mehta","IT Payment Services",27-10-2025,Monday,Present,11:16:15,15:02:11,"UPDATE4B"
543,h00345,"Sanjay Mehta","IT Payment Services",30-10-2025,Thursday,Present,09:17:13,18:45:09,"UPDATE4B"
544,h00345,"Sanjay Mehta","IT Payment Services",31-10-2025,Friday,Present,10:53:32,17:30:59,"UPDATE4B"
545,h00156,"Sneha Patel","IT Payment Services",01-10-2025,Wednesday,Present,11:10:39,18:45:06,"UPDATE4B"
546,h00156,"Sneha Patel","IT Payment Services",07-10-2025,Tuesday,Present,09:15:38,15:20:49,"UPDATE4B"
547,h00156,"Sneha Patel","IT Payment Services",13-10-2025,Monday,Present,11:05:22,15:26:25,"UPDATE4B"
548,h00156,"Sneha Patel","IT Payment Services",15-10-2025,Wednesday,Leave,,,"Personal work"
549,h00156,"Sneha Patel","IT Payment Services",16-10-2025,Thursday,Leave,,,"Sick leave - stomach upset"
550,h00156,"Sneha Patel","IT Payment Services",17-10-2025,Friday,Present,11:01:07,16:19:14,"UPDATE4B"
551,h00156,"Sneha Patel","IT Payment Services",24-10-2025,Friday,Leave,,,"Personal work"
552,h00156,"Sneha Patel","IT Payment Services",27-10-2025,Monday,Present,11:09:51,15:21:22,"UPDATE4B"
553,h00156,"Sneha Patel","IT Payment Services",28-10-2025,Tuesday,Present,10:36:49,18:41:32,"UPDATE4B"
554,h00156,"Sneha Patel","IT Payment Services",29-10-2025,Wednesday,Absent,,,"No information"
555,h00223,"Suresh Nair","IT Payment Services",01-10-2025,Wednesday,Present,09:47:57,18:12:54,"UPDATE4B"
556,h00223,"Suresh Nair","IT Payment Services",02-10-2025,Thursday,Present,09:16:44,18:54:24,"UPDATE4B"
557,h00223,"Suresh Nair","IT Payment Services",03-10-2025,Friday,Present,09:46:51,17:18:39,"UPDATE4B"
558,h00223,"Suresh Nair","IT Payment Services",09-10-2025,Thursday,Present,10:01:11,18:59:12,"UPDATE4B"
559,h00223,"Suresh Nair","IT Payment Services",15-10-2025,Wednesday,Present,10:42:13,15:07:01,"UPDATE4B"
560,h00223,"Suresh Nair","IT Payment Services",20-10-2025,Monday,Present,10:21:20,17:30:01,"UPDATE4B"
561,h00223,"Suresh Nair","IT Payment Services",22-10-2025,Wednesday,Present,09:13:32,18:28:42,"UPDATE4B"
562,h00223,"Suresh Nair","IT Payment Services",29-10-2025,Wednesday,Leave,,,"Sick leave - fever and body pain"
563,h00223,"Suresh Nair","IT Payment Services",31-10-2025,Friday,Present,09:10:47,15:33:43,"UPDATE4B"
564,h00245,"Vishal Kumar","IT Payment Services",02-10-2025,Thursday,Present,11:46:54,18:00:55,"UPDATE4B"
565,h00245,"Vishal Kumar","IT Payment Services",06-10-2025,Monday,Present,09:38:05,15:51:58,"UPDATE4B"
566,h00245,"Vishal Kumar","IT Payment Services",13-10-2025,Monday,Absent,,,"No information"
567,h00245,"Vishal Kumar","IT Payment Services",14-10-2025,Tuesday,Present,09:47:38,17:19:24,"UPDATE4B"
568,h00245,"Vishal Kumar","IT Payment Services",15-10-2025,Wednesday,Present,10:51:00,16:36:27,"UPDATE4B"
569,h00245,"Vishal Kumar","IT Payment Services",16-10-2025,Thursday,Present,11:11:01,17:46:54,"UPDATE4B"
570,h00245,"Vishal Kumar","IT Payment Services",21-10-2025,Tuesday,Absent,,,"No information"
571,h00245,"Vishal Kumar","IT Payment Services",24-10-2025,Friday,Leave,,,"Sick leave - fever and body pain"
572,h00245,"Vishal Kumar","IT Payment Services",29-10-2025,Wednesday,Present,11:41:59,17:37:58,"UPDATE4B"
573,h00245,"Vishal Kumar","IT Payment Services",30-10-2025,Thursday,Leave,,,"Sick leave - fever and cold"
574,h00245,"Vishal Kumar","IT Payment Services",31-10-2025,Friday,Present,10:54:26,17:23:38,"UPDATE4B"
575,h00078,"Vivek","IT Payment Services",02-10-2025,Thursday,Present,11:40:27,17:46:01,"UPDATE4B"
576,h00078,"Vivek","IT Payment Services",06-10-2025,Monday,NCRW,,,"Non-Compliance with Roster Work"
577,h00078,"Vivek","IT Payment Services",07-10-2025,Tuesday,Present,10:27:35,16:26:53,"UPDATE4B"
578,h00078,"Vivek","IT Payment Services",09-10-2025,Thursday,NCRW,,,"Non-Compliance with Roster Work"
579,h00078,"Vivek","IT Payment Services",10-10-2025,Friday,Present,10:13:36,16:48:00,"UPDATE4B"
580,h00078,"Vivek","IT Payment Services",14-10-2025,Tuesday,Leave,,,"Family emergency"
581,h00078,"Vivek","IT Payment Services",17-10-2025,Friday,Present,10:41:02,17:17:08,"UPDATE4B"
582,h00078,"Vivek","IT Payment Services",21-10-2025,Tuesday,NCRW,,,"Non-Compliance with Roster Work"
583,h00078,"Vivek","IT Payment Services",23-10-2025,Thursday,Present,09:33:18,17:11:13,"UPDATE4B"
584,h00078,"Vivek","IT Payment Services",28-10-2025,Tuesday,Absent,,,"No information"
585,h00078,"Vivek","IT Payment Services",31-10-2025,Friday,Absent,,,"No information"